RANKING,1,2,3,4,5,6,7,8,9,10,11,12,13,14,15,16,17,18,19,20
標題,2024大阪必去景點：一次攻略19個大阪熱門景點、地圖攻略,【大阪景點】除了日本環球影城還能去哪？20個必訪旅遊景點,Mimi韓の旅遊生活,【2024大阪景點地圖】17個超好玩大阪必去景點！來大阪旅遊這樣玩就對了,[內容無關聯或無法訪問的頁面],第二次「大阪自由行」怎麼排行程？史上最強「二訪大阪」攻略、景點推薦,[內容無關聯或無法訪問的頁面],【2024大阪景點】Top17大阪景點地圖、打卡自由行最強玩法！,[內容無關聯或無法訪問的頁面],[內容無關聯或無法訪問的頁面],廣告 - 內文未完請往下捲動,[內容無關聯或無法訪問的頁面],2024「大阪景點」12個人氣景點，一起到日本大阪自由行去,2024年大阪自由行必去！關西新開幕景點＆必玩設施超強清單,2024大阪8大景點懶人包！全新「黑盒美術館」、teamLab夜間光雕必朝聖,[內容無關聯或無法訪問的頁面],[內容無關聯或無法訪問的頁面],大阪景點｜27個大阪必遊景點詳細介紹、景點地鐵圖完整攻略!,【2024大阪旅遊攻略】15個必訪景點、地圖、交通、行程推薦,Mimi韓の旅遊生活
URL,https://osaka.letsgojp.com/archives/549254,https://www.klook.com/zh-TW/blog/top-15-place-yokoso-osaka-ticket-osaka/,https://mimihan.tw/osaka-trips/,https://bobby.tw/2024-03-06-3077/,https://www.kkday.com/zh-tw/blog/3525/asia-japan-osaka-must-visit%3Fsrsltid%3DAfmBOori24VouSmgu-Vtkwe36mlVr9R--P7B-f4BEhrhUbxoL0Hitr6W,https://osaka.letsgojp.com/archives/642753,https://www.tripadvisor.com.tw/Attractions-g298566-Activities-Osaka_Osaka_Prefecture_Kinki.html,https://viviantrip.tw/osaka-attractions/,https://www.klook.com/zh-TW/city/29-osaka-things-to-do/,https://www.klook.com/zh-TW/city/29-osaka-things-to-do/,https://www.harpersbazaar.com/tw/life/trips/g45717702/osaka-attractions/,https://tw.trip.com/travel-guide/destination/osaka-293/,https://curly.com.tw/osaka/,https://tw.wamazing.com/media/article/a-2655/,https://www.marieclaire.com.tw/lifestyle/travel/68843/osaka,https://www.funtime.com.tw/blog/funtime/%25E5%25A4%25A7%25E9%2598%25AA%25E8%25B3%25BC%25E7%2589%25A9%25E6%2587%25B6%25E4%25BA%25BA%25E5%258C%2585-%25E4%25BA%2594%25E5%2580%258B%25E5%25BF%2585%25E5%258E%25BB%25E8%25B3%25BC%25E7%2589%25A9%25E8%2581%2596%25E5%259C%25B0,https://www.tripadvisor.com.tw/Tourism-g298566-Osaka_Osaka_Prefecture_Kinki-Vacations.html,https://boo2k.com/archives/63220,https://tw.wamazing.com/media/article/a-664/,https://mimihan.tw/osaka-travel/
內容大綱,"│=========================
│         [h2] 關鍵字捜尋
│               [h3] 關西地點
│               [h3] 關西類別
│               [h3] 日本地區
│               [h3] 吉日媒體集團服務
│               [h3] 會員
│ [h1] 2024大阪必去景點：一次攻略19個大阪熱門景點、地圖攻略
│         [h2] 大阪府四季穿著建議與交通簡介
│               [h3] 大阪的氣候與穿著
│                     [h4] 穿著建議
│               [h3] 大阪的交通方式
│                     [h4] 從台灣或香港出發到大阪
│                     [h4] 從東京出發到大阪
│         [h2] 大阪必去19個推薦景點
│               [h3] 大阪景點推薦1：大阪城
│               [h3] 大阪景點推薦2：日本環球影城
│               [h3] 大阪景點推薦3：道頓堀
│               [h3] 大阪景點推薦4：阿倍野 HARUKAS
│               [h3] 大阪景點推薦5：海遊館
│               [h3] 大阪景點推薦6：通天閣
│               [h3] 大阪景點推薦7：新世界本通商店街
│               [h3] 大阪景點推薦8：四天王寺
│               [h3] 大阪景點推薦9：天保山
│               [h3] 大阪景點推薦10：梅田藍天大廈・空中庭園展望台
│               [h3] 大阪景點推薦11：枚方公園
│               [h3] 大阪景點推薦12：難波八阪神社
│               [h3] 大阪景點推薦13：萬博紀念公園
│               [h3] 大阪景點推薦14：中之島
│               [h3] 大阪景點推薦15：大阪美國村
│               [h3] 大阪景點推薦16：堀江
│               [h3] 大阪景點推薦17：SAMUHARA 神社（サムハラ神社）
│               [h3] 大阪景點推薦18：鶴橋
│               [h3] 大阪景點推薦19：天王寺公園
│         [h2] 大阪必吃美食7選
│               [h3] 章魚燒
│               [h3] 御好燒
│               [h3] 串炸
│               [h3] 天婦羅
│               [h3] 燒肉
│               [h3] 拉麵
│               [h3] 551蓬萊本店
│         [h2] 大阪必逛購物景點推薦
│               [h3] 黑門市場
│               [h3] 心齋橋
│               [h3] 天神橋筋商店街
│               [h3] 臨空城 Outlet
│               [h3] EXPOCITY
│               [h3] GRAND FRONT 大阪
│               [h3] 枚方 T-SITE
│         [h2] 大阪推薦住宿飯店4選
│               [h3] 心齋橋法拉格飯店
│               [h3] 大阪日航酒店
│               [h3] MIMARU 大阪心齋橋 NORTH
│               [h3] SUPER HOTEL Premier 難波心齋橋天然溫泉
│         [h2] 大阪必買伴手禮3選
│               [h3] 食倒太郎布丁
│               [h3] 高級版卡樂比
│               [h3] 「面白い恋人」有趣戀人
│         [h2] 大阪旅遊規劃總結
│               [h3] 大阪旅遊完全攻略
│               [h3] 五大旅遊主題總括
│               [h3] 為何選擇大阪為旅遊目的地
│               [h3] 最佳旅遊時期
│               [h3] 旅遊小提醒
│               [h3] 總體評價
│         [h2] 大阪景點地圖總整理
│         [h2] 常見Q&A
│         [h2] 相關情報一把抓!
│               [h3] 奈良美食一日遊景點推薦：東大寺附近必吃鰻魚飯、西大寺車站內精釀啤酒超勸敗！
│               [h3] 金龍哭哭了！大阪道頓堀金龍拉麵巨大看板執行「斷尾儀式」，日後將含淚煮拉麵
│               [h3] 關西旅遊推薦用「Enjoy！」網頁 APP 玩遍京阪神：大阪梅田、甲子園、神戶六甲山必訪，還能拿優惠券！
│               [h3] 萬眾矚目！京都宇治「任天堂博物館」2024年10月問世，歷代紅白機、超級任天堂遊戲一次玩到飽！
│               [h3] 輪椅也能暢快玩日本京都！無障礙景點、住宿、交通優惠總整理
│               [h3] 日本關西永旺AEON超市：京都、大阪、神戶購物必逛＋限定伴手禮推薦
│               [h3] 2024大阪必逛新景點再加一！梅田車站「KITTE大阪」7/31盛大開幕！
│               [h3] 奈良公園周邊景點推薦「夢風廣場」：和牛美食、可麗餅、蜜汁地瓜美食全制霸！
│=========================
","│=========================
│ [h1] 【大阪景點】除了日本環球影城還能去哪？20個必訪旅遊景點
│               [h3] 東京到大阪車程多久？
│         [h2] 大阪景點｜大阪城公園
│         [h2] 大阪景點｜阿倍野展望台HARUKAS 300
│         [h2] 大阪景點｜天守閣
│         [h2] 大阪景點｜通天閣
│         [h2] 大阪景點｜新世界
│         [h2] 大阪景點｜梅田藍天大廈 Sky Building
│         [h2] 大阪景點｜黑門市場
│         [h2] 大阪景點｜大阪海遊館
│         [h2] 大阪景點｜聖瑪莉亞號觀光船
│         [h2] 大阪景點｜道頓堀
│         [h2] 大阪景點｜心齋橋商店街
│         [h2] 大阪景點｜日本環球影城
│         [h2] 大阪景點｜大阪樂高樂園Legoland®探索中心
│         [h2] 大阪景點｜梅田 HEP FIVE摩天輪
│         [h2] 大阪景點｜千早赤阪村
│         [h2] 大阪景點｜堺利晶之杜
│         [h2] 大阪景點｜四天王寺
│         [h2] 大阪景點｜大阪生活今昔館
│         [h2] 大阪景點｜大阪空庭溫泉
│         [h2] 大阪景點｜萬博紀念公園
│               [h3] 🌸 京都大阪住宿文章一次看 🌸
│=========================
","│=========================
│ [h1] Mimi韓の旅遊生活
│               [h3] Main Menu
│ [h1] 【2024大阪景點】25個大阪自由行好玩景點推薦＆加碼8條一日遊行程提案
│         [h2] 大阪景點地圖＆優惠門票推薦
│         [h2] 超人氣大阪景點彙整，錯過好可惜
│               [h3] 大阪景點－空庭溫泉
│               [h3] 大阪景點－日本環球影城
│               [h3] 大阪景點－梅田藍天大樓夜景
│               [h3] 大阪景點－心齋橋＆道頓堀
│               [h3] 大阪景點－大阪道頓堀驚安殿堂
│               [h3] 大阪景點－Bic Camera 難波店
│               [h3] 大阪景點－大阪城天守閣
│               [h3] 大阪景點－黑門市場
│               [h3] 大阪景點－阿倍野HARUKAS展望台
│               [h3] 大阪景點－大阪萬博公園
│               [h3] 大阪景點－聖瑪麗亞號觀光船
│               [h3] 大阪景點－大阪海遊館
│               [h3] 大阪景點－天保山摩天輪
│               [h3] 大阪景點－大阪樂高探索樂園
│               [h3] 大阪景點－天神橋筋商店街
│               [h3] 大阪景點－大阪兒童樂園
│               [h3] 大阪景點－大阪生活今昔館
│               [h3] 大阪景點－梅田車站商店街
│               [h3] 大阪景點－新世界商店街＆通天閣
│               [h3] 大阪景點－天王寺動物園
│               [h3] 大阪景點－臨空城Outlet
│               [h3] 大阪景點－枚方公園遊樂場
│         [h2] 大阪景點行程規劃八條路線這樣玩
│               [h3] 路線一：大阪日本環球影城一日遊
│               [h3] 路線二：大阪市區重要景點趴趴造
│               [h3] 路線三：大阪周遊卡免費景點
│               [h3] 路線四：大阪周遊卡免費景點
│               [h3] 路線五：天王寺阿倍野也很熱鬧
│               [h3] 路線六：住大阪，去奈良京都一日遊
│               [h3] 路線七：住大阪，去京都一日遊
│               [h3] 路線八：住大阪，神戶一日遊
│         [h2] 大阪自由行住宿規劃建議
│         [h2] 大阪熱門景點省錢票券行程推薦
│         [h2] 相關文章
│                     [h4] 【關西JR Pass】JR關西廣域鐵路周遊券使用範圍，2024便宜購票推薦＆重點整理
│                     [h4] 【大阪購物】驚安殿堂唐吉軻德(梅田總店)優惠券＆退稅分享，24小時營業的血拼天堂
│                     [h4] 激推【2024大阪住宿】精選30家大阪飯店、解析住宿地點＆方便實惠訂房清單
│                     [h4] 【大阪住宿】大阪難波光芒飯店(8.8)：入住心齋橋鬧區，0-11歲同行免費親子旅行推薦
│                     [h4] 【大阪親子景點】大阪樂高樂園：大阪周遊卡免費玩室內雨天備案，門票優惠＆交通重點
│                     [h4] 【大阪美食】大阪新世界元祖串炸：通天閣旁，生氣老闆站崗的超人氣炸物串燒
│                     [h4] 日本環球影城推薦住宿》環球港口飯店 Hotel Universal Port：小小兵飯店，雙人房分享
│                     [h4] 【大阪親子住宿】15家大阪適合家庭親子飯店推薦：心齋橋/難波/梅田/環球影城訂房筆記
│                     [h4] 【日本必買】Daimaru大丸百貨優惠折扣券95折，累積再送美食餐券
│               [h3] 上 / 下一篇文章
│                     [h4] 上一篇文章【韓國首爾滑雪】精選11座韓國滑雪場(首爾出發)適合對象、場地特色、新手老手重點整理
│                     [h4] 下一篇文章【羅馬住宿】Sina Bernini Bristol 傲途格精選(地點評價9.5)近西班牙廣場＆文藝復興百貨
│                     [h4] 臉書留言
│               [h3] About
│               [h3] Mimi韓讀者專屬折扣
│               [h3] 分類
│               [h3] 💖好站連結💖
│ [h1] Mimi韓の旅遊生活
│=========================
","│=========================
│               [h3] Main Menu
│ [h1] 【2024大阪景點地圖】17個超好玩大阪必去景點！來大阪旅遊這樣玩就對了
│         [h2] 2024最新大阪景點地圖
│         [h2] Top17大阪景點推薦
│               [h3] 1. 日本環球影城
│               [h3] 2. 大阪城
│               [h3] 3. 道頓堀商店街
│               [h3] 4. 心齋橋商店街
│               [h3] 5. 通天閣＆新世界商店街
│               [h3] 6. 阿倍野Harukas300展望台
│               [h3] 7. 黑門市場
│               [h3] 8. 大阪海遊館
│               [h3] 9. 大阪樂高樂園
│               [h3] 10. 梅田藍天大廈空中庭園展望台
│               [h3] 11. 空庭溫泉
│               [h3] 12. 天王寺動物園
│               [h3] 13. 難波八阪神社
│               [h3] 14. 大阪生活今昔館
│               [h3] 15. 千日前道具屋筋商店街
│               [h3] 16. 大阪造幣局
│               [h3] 17. 大阪光之饗宴
│         [h2] 5條大阪景點一日遊規劃
│         [h2] 大阪附近景點推薦
│         [h2] 相關文章
│                     [h4] 【大阪周遊券2024】大阪周遊卡最強攻略！免費景點、購買方式＆行程攻略
│                     [h4] 【大阪住宿推薦】18間網友激推大阪飯店！地點分析＆便宜交通方便彙整
│                     [h4] 【大阪】難波八阪神社：震撼巨無霸獅子殿！限定御守＆附近景點介紹
│                     [h4] 【大阪心齋橋】宇治園本店：百年老舖醇厚抹茶冰淇淋，煎茶伴手禮都熱門
│                     [h4] 【2024難波住宿推薦】12間超夯大阪難波飯店！便宜高評價交通又方便
│                     [h4] 【大阪限定伴手禮】Grand Calbee厚切洋芋片：奢華價格滋味欲罷不能
│                     [h4] 【大阪道頓堀】肉劇場：瘋排隊超高CP值，加肉加飯免費美味大福利
│                     [h4] 【大阪】天然溫泉浪速之湯：大阪周遊卡免費已取消！毛巾自備刺青禁入
│                     [h4] 【大阪】空庭溫泉：關西最大溫泉樂園！穿浴衣泡湯屋，岩盤浴也享受
│               [h3] 上 / 下一篇文章
│                     [h4] 上一篇文章【京都楓葉景點】2024必去京都賞楓景點、紅葉時間情報＆行程規劃全攻略
│                     [h4] 下一篇文章【2024大阪自由行】最強大阪行程規劃懶人包！景點美食、交通花費全攻略
│                     [h4] 一般留言
│               [h3] 發佈留言取消回覆
│               [h3] About
│               [h3] 站內搜尋
│               [h3] 在Google新聞追蹤
│               [h3] 最新文章
│               [h3] 分類
│=========================
","無
","│=========================
│         [h2] 關鍵字捜尋
│               [h3] 關西地點
│               [h3] 關西類別
│               [h3] 日本地區
│               [h3] 吉日媒體集團服務
│               [h3] 會員
│ [h1] 第二次「大阪自由行」怎麼排行程？史上最強「二訪大阪」攻略、景點推薦
│         [h2] 第二次安排大阪行程的小訣竅
│               [h3] ① 走出大阪市區、周邊城鎮也超好玩！
│               [h3] ② 行程不用滿、一天一個重點剛剛好
│         [h2] 「二訪大阪」10天9夜 行程範例
│               [h3] 【10天9夜】行程重點
│         [h2] 「二訪大阪」7天6夜 行程範例
│               [h3] 【7天6夜】行程重點
│         [h2] 「二訪大阪」5天4夜 行程範例
│               [h3] 【5天4夜】行程重點
│         [h2] 相關情報一把抓!
│               [h3] 金龍哭哭了！大阪道頓堀金龍拉麵巨大看板執行「斷尾儀式」，日後將含淚煮拉麵
│               [h3] 關西旅遊推薦用「Enjoy！」網頁 APP 玩遍京阪神：大阪梅田、甲子園、神戶六甲山必訪，還能拿優惠券！
│               [h3] 萬眾矚目！京都宇治「任天堂博物館」2024年10月問世，歷代紅白機、超級任天堂遊戲一次玩到飽！
│               [h3] 輪椅也能暢快玩日本京都！無障礙景點、住宿、交通優惠總整理
│               [h3] 2024日本大阪環球影城購票全攻略：USJ快速通關種類、購票步驟詳細教學看這邊！
│               [h3] 2024大阪環球影城攻略！瑪利歐區域入場方法、10大園區必玩遊樂設施
│               [h3] 2024大阪必去景點：一次攻略19個大阪熱門景點、地圖攻略
│               [h3] 2024年關西花火大會總整理：浪速淀川、天神祭奉納花火必看！
│=========================
","無
","│=========================
│ [h1] 【2024大阪景點】Top17大阪景點地圖、打卡自由行最強玩法！
│         [h2] 大阪景點地圖
│               [h3] 依地區分類的大阪景點
│               [h3] 依類型分類的大阪景點
│         [h2] 大阪景點
│               [h3] 1.日本環球影城
│               [h3] 2.大阪城公園
│               [h3] 3. 道頓堀
│               [h3] 4. 心齋橋商店街
│               [h3] 5.阿倍野展望台HARUKAS 300
│               [h3] 6.大阪空庭溫泉
│               [h3] 7. 梅田藍天大廈 空中庭園展望台
│               [h3] 8. 通天閣
│               [h3] 9. 新世界商店街
│               [h3] 10. 梅田HEP FIVE摩天輪
│               [h3] 11. 黑門市場
│               [h3] 12. 大阪海遊館
│               [h3] 13. 天保山摩天輪
│               [h3] 14. 聖瑪莉亞號觀光船
│               [h3] 15. 大阪樂高樂園
│               [h3] 16. 天王寺動物園
│               [h3] 17. 臨空城Outlet
│         [h2] 大阪熱門行程優惠
│         [h2] 大阪旅遊景點常見問題
│               [h3] 大阪周遊卡免費景點有哪些？
│               [h3] 必去景點有哪些？
│               [h3] 夜景景點有哪些？
│               [h3] 逛街景點有哪些？
│               [h3] 親子景點有哪些？
│         [h2] 大阪景點總結
│               [h3] 發佈留言取消回覆
│=========================
","無
","無
","│=========================
│ [h1] 日本大阪自由行必訪景點11選！在地人推薦絕美夜景、美食一條街打造大阪不夜城
│         [h2] 大阪自由行景點推薦1：阿倍野展望台 HARUKAS 300
│         [h2] 大阪自由行景點推薦2：勝尾寺
│         [h2] 景點資訊
│         [h2] 大阪自由行景點推薦3：HEP FIVE
│         [h2] 景點資訊
│               [h3] 地址：大阪市北區角田町5−15
│         [h2] 大阪景點推薦4：梅田藍天大廈 空中庭園展望台
│         [h2] 景點資訊
│               [h3] 地址：大阪市北區大淀中1-1-88
│         [h2] 大阪景點推薦5：空庭溫泉 OSAKA BAY TOWER
│         [h2] 景點資訊
│               [h3] 地址：大阪市港區弁天1-2-3　Bay Tower North 2樓
│         [h2] 大阪景點推薦6：大阪城天守閣
│         [h2] 大阪景點推薦7：大阪府咲洲宇宙塔展望台
│         [h2] 大阪景點推薦8：大阪箕面公園
│         [h2] 景點資訊
│               [h3] 地址：大阪府箕面市箕面1-1-1
│         [h2] 大阪景點推薦9：日本環球影城
│         [h2] 景點資訊
│               [h3] 地址：大阪市此花區櫻島2-1-33
│         [h2] 大阪景點推薦10：心齋橋筋商店街
│         [h2] 大阪景點推薦11：道頓堀
│         [h2] 景點資訊
│               [h3] 地址：大阪市中央區道頓堀
│                                 [h6] Watch Next
│         [h2] 旅行展覽
│ [h1] 廣告 - 內文未完請往下捲動
│=========================
","│=========================
│               [h3] 聯繫我們
│               [h3] 關於
│               [h3] 其他服務
│=========================
","無
","│=========================
│ [h1] 2024年大阪自由行必去！關西新開幕景點＆必玩設施超強清單
│         [h2] 跟著地圖遊大阪新景點
│         [h2] 2023～2024年大阪新開幕景點推薦7選：從購物、住宿、體驗到遊樂園全收錄
│               [h3] 老百貨的新時尚！「天王寺MIO」
│               [h3] 扭蛋、一番賞、拍貼機應有盡有的遊戲中心「萬代南夢宮Cross Store 大阪梅田」
│               [h3] 星野集團最新力作！新型態機場飯店「OMO關西機場」
│               [h3] 到桑拿專門店體驗「桑活」！「大阪Sauna DESSE」
│               [h3] 逛一整天也不夠！吃喝玩樂都有的「MITSUI OUTLET PARK 大阪門真」
│               [h3] 繁華都市裡的綠地活動中心——「GRAND GREEN OSAKA」
│               [h3] 與任天堂的新朋友一起到奇幻叢林冒險！日本環球影城「咚奇剛」主題園區
│         [h2] 回顧大阪2020～2022年開幕的必玩景點推薦5選
│               [h3] 光影與自然交錯的魔幻世界！「teamLab Botanical Garden 長居植物園」
│               [h3] 刺激又浪漫的通天閣巨型滑梯「TOWER SLIDER」＆能從高空眺望大阪美景的展望台
│               [h3] 建築本身也是藝術！「大阪中之島美術館」
│               [h3] 大阪灣旁的西日本最大血拚天堂——臨空城「RINKU PREMIUM OUTLETS」
│               [h3] 體驗空中戶外冒險！「萬博BEAST」
│         [h2] 大阪旅遊的交通利器：HARUKA特快車＆關西地區鐵路周遊券
│         [h2] 加碼彩蛋：大阪周邊城市——京都、奈良、兵庫縣的私房景點介紹
│               [h3] 【京都】電影主題樂園「東映太秦映畫村」＆任天堂舊總部改建旅館「丸福樓」
│                     [h4] 走入時代劇電影場景！「東映太秦映畫村」
│                     [h4] 安藤忠雄大師設計！任天堂舊總部改建的復古旅館「丸福樓」
│               [h3] 【奈良】享受自然與歷史結合的住宿新體驗
│                     [h4] 充滿歷史感的新生飯店！「紫翠飯店 SHISUI HOTEL NARA」
│                     [h4] 2024年秋季開幕！雅高酒店集團旗下新飯店「Novotel Nara」
│               [h3] 【兵庫】新打卡聖地＆動漫主題樂園都在這！
│                     [h4] 由廢棄小學改建而成的新打卡聖地！「NATURE STUDIO」
│                     [h4] 動漫迷必訪的主題樂園「二次元之森」
│         [h2] 來趟不一樣的大阪之旅
│         [h2] 相關文章
│               [h3] 【2024京都旅遊地圖】自由行必玩景點＆5天4夜行程推薦
│               [h3] 前進日本襪之鄉！在奈良縣「廣陵町」製作世界獨一無二的襪子
│               [h3] 奈良「春日大社」紫藤花御守超美！境內看點＆周邊景點全攻略
│               [h3] 日本秋天10大推薦玩法你試過幾項？旅遊、美食、祭典、景色一次介紹
│               [h3] 京都必訪「金閣寺」一日遊攻略：交通、門票、附近景點＆美食推薦
│         [h2] 精選文章
│               [h3] 消暑大作戰！手持電風扇、涼感頸圈＆噴霧等13款日本涼感小物推薦
│               [h3] 日本網友評選2024上半年「最佳美妝」新商品前10強出爐！
│               [h3] 2024日本東北三大祭典一次玩透透！由來、日程、交通＆住宿全攻略
│         [h2] 觀光 / 熱門排行榜
│               [h3] 動漫聖地「秋葉原」必逛景點16選！公仔店、扭蛋店、美食一次推薦
│               [h3] 滿寺達摩不倒翁超壯觀！大阪「勝尾寺」交通、看點＆一日遊攻略
│               [h3] 2024年藏王樹冰全攻略！最佳觀賞期、攝影地和交通方式一次看
│               [h3] 名古屋「熱田神宮」完全攻略！7大看點、交通、必吃美食介紹
│               [h3] 【原宿＆表參道逛街攻略】最新必逛必吃與景點總整理就看這篇！
│               [h3] 富士山下湧泉「忍野八海」攻略！停留時間、交通資訊＆必買美食推薦
│               [h3] 北海道秋天自由行全攻略！賞楓自駕遊必訪的紅葉行程景點8選
│               [h3] 青森「奧入瀨溪流」完整攻略！交通、景點、飯店住宿一次推薦
│               [h3] 動漫聖地「秋葉原」必逛景點16選！公仔店、扭蛋店、美食一次推薦
│               [h3] 滿寺達摩不倒翁超壯觀！大阪「勝尾寺」交通、看點＆一日遊攻略
│               [h3] 名古屋「熱田神宮」完全攻略！7大看點、交通、必吃美食介紹
│               [h3] 2024年藏王樹冰全攻略！最佳觀賞期、攝影地和交通方式一次看
│               [h3] 一篇搞懂！「上野動物園」必看人氣動物、門票資訊、交通方式全攻略
│               [h3] 御朱印新手入門看這篇！蒐集方法、正確禮儀與推薦神社5選
│               [h3] 北海道秋天自由行全攻略！賞楓自駕遊必訪的紅葉行程景點8選
│               [h3] 日本自行車租借超簡單！租車須知、共享自行車、推薦騎車路線一次看
│         [h2] 最新文章
│               [h3] 2024年大阪自由行必去！關西新開幕景點＆必玩設施超強清單
│         [h2] 推薦地區
│         [h2] 熱門標籤
│         [h2] 依地區、都道府縣搜尋文章
│               [h3] 北海道
│               [h3] 東北地區
│                     [h4] 青森縣
│                     [h4] 岩手縣
│                     [h4] 宮城縣
│                     [h4] 秋田縣
│                     [h4] 山形縣
│                     [h4] 福島縣
│               [h3] 關東地區
│                     [h4] 東京都
│                     [h4] 千葉縣
│                     [h4] 埼玉縣
│                     [h4] 神奈川縣
│                     [h4] 栃木縣
│                     [h4] 茨城縣
│                     [h4] 群馬縣
│               [h3] 北陸地區
│                     [h4] 富山縣
│                     [h4] 石川縣
│                     [h4] 福井縣
│                     [h4] 新潟縣
│               [h3] 中部地區
│                     [h4] 山梨縣
│                     [h4] 長野縣
│                     [h4] 岐阜縣
│                     [h4] 靜岡縣
│                     [h4] 愛知縣
│                     [h4] 三重縣
│               [h3] 關西地區
│                     [h4] 大阪府
│                     [h4] 京都府
│                     [h4] 奈良縣
│                     [h4] 兵庫縣
│                     [h4] 滋賀縣
│                     [h4] 和歌山縣
│               [h3] 中國地區
│                     [h4] 鳥取縣
│                     [h4] 岡山縣
│                     [h4] 島根縣
│                     [h4] 廣島縣
│                     [h4] 山口縣
│               [h3] 四國地區
│                     [h4] 德島縣
│                     [h4] 香川縣
│                     [h4] 高知縣
│                     [h4] 愛媛縣
│               [h3] 九州・沖繩地區
│                     [h4] 宮崎縣
│                     [h4] 佐賀縣
│                     [h4] 長崎縣
│                     [h4] 福岡縣
│                     [h4] 熊本縣
│                     [h4] 鹿兒島縣
│                     [h4] 大分縣
│                     [h4] 沖繩縣
│         [h2] 依類型搜尋文章
│               [h3] News・季節活動
│               [h3] 觀光
│               [h3] 住宿
│               [h3] 交通
│               [h3] 購物
│               [h3] 戶外・體驗
│               [h3] 美食
│               [h3] 行程推薦
│               [h3] 日本文化・基礎知識
│=========================
","│=========================
│                     [h4] LIFESTYLE旅行
│ [h1] 2024大阪8大景點懶人包！全新「黑盒美術館」、teamLab夜間光雕必朝聖
│         [h2] 大阪景點：大阪城
│         [h2] 大阪景點：道頓崛運河
│         [h2] 大阪景點：中之島美術館
│         [h2] 大阪景點：長居植物園
│         [h2] 大阪景點：環球影城
│         [h2] 大阪景點：天王寺動物園
│         [h2] 大阪景點：阿倍野展望台
│         [h2] 大阪景點：空庭溫泉
│         [h2] 大阪推薦住宿：捷絲旅大阪心齋橋館
│=========================
","無
","無
","│=========================
│ [h1] 大阪景點｜27個大阪必遊景點詳細介紹、景點地鐵圖完整攻略!
│         [h2] 大阪景點一日遊自由行，必遊景點精選推薦
│         [h2] 大阪景點TOP27總整理
│               [h3] 黑門市場美食
│                                 [h6] 地址：〒542-0073 大阪府大阪市中央区日本橋2丁目4番1号(詳細地圖)
│               [h3] 大阪長居植物園teamLab夜間常設展
│               [h3] 大阪通天閣/新世界美食
│               [h3] 千日前道具街
│                                 [h6] 地址:〒542-0075 大阪府大阪市中央区難波千日前１４−5(詳細地圖)
│               [h3] 唐吉軻德道頓堀店 摩天輪 惠比壽塔
│                                 [h6] 地址:〒542-0084 大阪府大阪市中央区宗右衛門町７−13(詳細地圖)
│               [h3] 道頓堀商店街
│                                 [h6] 〒542-0071 大阪府大阪市中央区道頓堀１丁目９(詳細地圖)
│               [h3] 心齋橋
│               [h3] 大阪生活今昔館
│               [h3] 天王寺動物園
│               [h3] 大阪兒童樂園 Kids Plaza Osaka
│               [h3] 天神橋筋商店街
│               [h3] 大阪空庭溫泉
│               [h3] 浪速之湯
│               [h3] 大阪城公園/大阪城天守閣
│               [h3] NHK 大阪放送局
│               [h3] 大阪歷史博物館
│               [h3] 大阪海遊館
│               [h3] 聖瑪莉號
│               [h3] 天保山摩天輪
│                                 [h6] 地址：〒552-0022 大阪府大阪市港区海岸通１丁目１−10(詳細地圖)
│               [h3] GLION MUSEUM老爺車博物館
│                                 [h6] 地址：〒552-0022 大阪府大阪市港区海岸通2丁目6−39
電話：+81 6-6573-3006
營業時間 :11:00–19:30 禮拜一公休
│               [h3] 大阪樂高樂園
│               [h3] 梅田藍天大廈
│                                 [h6] 地址: 日本〒531-6023 Osaka Prefecture， Osaka， 北区大淀中1-1-88(詳細地圖)
│               [h3] HEP FIVE百貨/摩天輪
│               [h3] 日本環球影城
│                                 [h6] 地址：〒554-0031 大阪府大阪市此花区桜島２丁目１−33(詳細地圖)
│               [h3] 日本大阪環球影城，Klook優惠券索取
│                     [h4] 小布先幫大家整理線上票券，先購買免現場排隊喔!
│               [h3] 枚方公園
│               [h3] 難波八阪神社
│                                 [h6] 地址:〒556-0016 大阪府大阪市浪速区元町２丁目９−１９(詳細地圖)
電話:+81 6-6641-1149
│               [h3] 大阪市立科學館
│               [h3] 阿倍野展望台Harukas300
│                                 [h6] 地址：〒545-0052 大阪府大阪市阿倍野区阿倍野筋１丁目１−43(詳細地圖)
│               [h3] 臨空城Outlet
│                                 [h6] 地址：〒598-8508 大阪府泉佐野市りんくう往来南3-28(詳細地圖)
│               [h3] 泡麵發明紀念館
│                                 [h6] 地址：〒563-0041 大阪府池田市満寿美町８−25(詳細地圖)
│         [h2] 大阪機票比價
│         [h2] 大阪景點交通
│         [h2] 大阪景點地鐵圖
│               [h3] 分享文章
│               [h3] 相關文章
│         [h2] 全站分類文章
│         [h2] 精選文章
│         [h2] 日本藥妝優惠券
│         [h2] 小布旅行中TV
│=========================
","│=========================
│ [h1] 【2024大阪旅遊攻略】15個必訪景點、地圖、交通、行程推薦
│         [h2] 出發前先收進手機裡！超實用大阪旅遊景點地圖
│         [h2] 想要省錢就買划算周遊券！大阪旅遊交通資訊整理
│               [h3] 特快列車直達大阪車站！從關西機場到大阪市內的交通方式
│               [h3] 用對周遊券交通費直接砍半！5張超值交通票券挑選指南
│               [h3] 持票免費進出人氣景點！大阪市內觀光及交通優惠票券推薦
│               [h3] 不只JR和地鐵！暢遊京阪神搭配私鐵更便利
│         [h2] 掌握大阪四季氣溫！穿對衣服玩得更盡興
│         [h2] 看不懂日文沒關係！活用觀光局繁體中文資訊免踩雷
│         [h2] 2022～2023年大阪新開幕​​3大景點推薦
│               [h3] 以多種形式感受生命存在的輪廓！戶外數位藝術常設展「teamLab Botanical Garden Osaka」
│               [h3] 滿足購物、娛樂與飲食需求！大型商場「Mitsui Shopping Park LaLaport SAKAI」
│               [h3] 體驗8種新型態桑拿房！「大阪桑拿 DESSE」
│         [h2] 自由行一定要排進行程！大阪必訪12大旅遊景點
│               [h3] 1. 必登天守閣俯望周邊景色！日本百名城之一「大阪城」
│               [h3] 2. 大阪的地標！夜景一覽無遺的「通天閣」、「新世界」、「HARUKAS300」
│               [h3] 3. 走進人氣電影和瑪利歐世界！「日本環球影城USJ」
│               [h3] 4. 有得玩更有得逛！大阪親子遊聖地「海遊館」與「天保山」
│               [h3] 5. 日本萬博主題館「太陽之塔」、「萬博紀念公園」、「NIFREL」
│               [h3] 6.大阪美食激戰區！「道頓堀」、「心齋橋」、「難波」
│               [h3] 7. 大阪人的灶咖！道地的熱鬧美食街「黑門市場」
│               [h3] 8. 各種祭典活動熱鬧非凡！擁有高度文化價值的「四天王寺」
│               [h3] 9. 文青必逛懷舊地區「中崎町」
│               [h3] 10. 把握搭機前最後血拼機會！「泉南臨空公園 SENNAN LONG PARK」
│               [h3] 11. 上百間潮流店讓人買到失心瘋！「心齋橋PARCO」
│               [h3] 12. 欣賞現代藝術展覽的好去處！「大阪中之島美術館」
│         [h2] 大阪必吃4大美食：大阪燒、章魚燒、串炸、蛋包飯
│               [h3] 最經典的大阪庶民小吃！「章魚燒」和「大阪燒」
│               [h3] 鹹香酥脆超涮嘴！食材選擇多元的「串炸」
│               [h3] 「蛋包飯」——起源自大阪的經典美食
│         [h2] 致贈親友首選！大阪必買伴手禮推薦3選
│               [h3] 就是愛大阪味！章魚燒、串炸等地方限定零食
│               [h3] 螞蟻人千萬別錯過！「食倒太郎布丁」和多種甜點
│               [h3] 甜點職人精心手製！MARUSHIGE「呼吸巧克力」
│               [h3] 免稅血拼就上「完美行購物」！關西機場領貨超方便
│         [h2] 旅程花費幫你算好了！京阪奈5天4夜行程範例＆旅費概估
│         [h2] 大阪旅遊也別錯過當地特色體驗！
│         [h2] 相關文章
│               [h3] 2024年日本市集最新資訊！二手、骨董、手作等8大市集一次推薦
│               [h3] 日本哪裡適合度蜜月？7大推薦蜜月勝地！各種主題蜜月之旅一次網羅
│               [h3] 京阪神旅遊預習篇！2020～2022年關西最新熱門景點總整理
│               [h3] 搭乘大阪水上巴士＆遊覽船大川巡航！3種觀光船與周邊美食介紹
│               [h3] 與可愛海豹相見歡！大阪最好玩的3大水族館、海洋設施就在這！
│         [h2] 精選文章
│               [h3] 消暑大作戰！手持電風扇、涼感頸圈＆噴霧等13款日本涼感小物推薦
│               [h3] 日本網友評選2024上半年「最佳美妝」新商品前10強出爐！
│               [h3] 2024日本東北三大祭典一次玩透透！由來、日程、交通＆住宿全攻略
│         [h2] 觀光 / 熱門排行榜
│               [h3] 動漫聖地「秋葉原」必逛景點16選！公仔店、扭蛋店、美食一次推薦
│               [h3] 滿寺達摩不倒翁超壯觀！大阪「勝尾寺」交通、看點＆一日遊攻略
│               [h3] 2024年藏王樹冰全攻略！最佳觀賞期、攝影地和交通方式一次看
│               [h3] 名古屋「熱田神宮」完全攻略！7大看點、交通、必吃美食介紹
│               [h3] 【原宿＆表參道逛街攻略】最新必逛必吃與景點總整理就看這篇！
│               [h3] 富士山下湧泉「忍野八海」攻略！停留時間、交通資訊＆必買美食推薦
│               [h3] 北海道秋天自由行全攻略！賞楓自駕遊必訪的紅葉行程景點8選
│               [h3] 青森「奧入瀨溪流」完整攻略！交通、景點、飯店住宿一次推薦
│               [h3] 動漫聖地「秋葉原」必逛景點16選！公仔店、扭蛋店、美食一次推薦
│               [h3] 滿寺達摩不倒翁超壯觀！大阪「勝尾寺」交通、看點＆一日遊攻略
│               [h3] 名古屋「熱田神宮」完全攻略！7大看點、交通、必吃美食介紹
│               [h3] 2024年藏王樹冰全攻略！最佳觀賞期、攝影地和交通方式一次看
│               [h3] 一篇搞懂！「上野動物園」必看人氣動物、門票資訊、交通方式全攻略
│               [h3] 御朱印新手入門看這篇！蒐集方法、正確禮儀與推薦神社5選
│               [h3] 北海道秋天自由行全攻略！賞楓自駕遊必訪的紅葉行程景點8選
│               [h3] 日本自行車租借超簡單！租車須知、共享自行車、推薦騎車路線一次看
│         [h2] 最新文章
│               [h3] 【2024大阪旅遊攻略】15個必訪景點、地圖、交通、行程推薦
│         [h2] 推薦地區
│         [h2] 熱門標籤
│         [h2] 依地區、都道府縣搜尋文章
│               [h3] 北海道
│               [h3] 東北地區
│                     [h4] 青森縣
│                     [h4] 岩手縣
│                     [h4] 宮城縣
│                     [h4] 秋田縣
│                     [h4] 山形縣
│                     [h4] 福島縣
│               [h3] 關東地區
│                     [h4] 東京都
│                     [h4] 千葉縣
│                     [h4] 埼玉縣
│                     [h4] 神奈川縣
│                     [h4] 栃木縣
│                     [h4] 茨城縣
│                     [h4] 群馬縣
│               [h3] 北陸地區
│                     [h4] 富山縣
│                     [h4] 石川縣
│                     [h4] 福井縣
│                     [h4] 新潟縣
│               [h3] 中部地區
│                     [h4] 山梨縣
│                     [h4] 長野縣
│                     [h4] 岐阜縣
│                     [h4] 靜岡縣
│                     [h4] 愛知縣
│                     [h4] 三重縣
│               [h3] 關西地區
│                     [h4] 大阪府
│                     [h4] 京都府
│                     [h4] 奈良縣
│                     [h4] 兵庫縣
│                     [h4] 滋賀縣
│                     [h4] 和歌山縣
│               [h3] 中國地區
│                     [h4] 鳥取縣
│                     [h4] 岡山縣
│                     [h4] 島根縣
│                     [h4] 廣島縣
│                     [h4] 山口縣
│               [h3] 四國地區
│                     [h4] 德島縣
│                     [h4] 香川縣
│                     [h4] 高知縣
│                     [h4] 愛媛縣
│               [h3] 九州・沖繩地區
│                     [h4] 宮崎縣
│                     [h4] 佐賀縣
│                     [h4] 長崎縣
│                     [h4] 福岡縣
│                     [h4] 熊本縣
│                     [h4] 鹿兒島縣
│                     [h4] 大分縣
│                     [h4] 沖繩縣
│         [h2] 依類型搜尋文章
│               [h3] News・季節活動
│               [h3] 觀光
│               [h3] 住宿
│               [h3] 交通
│               [h3] 購物
│               [h3] 戶外・體驗
│               [h3] 美食
│               [h3] 行程推薦
│               [h3] 日本文化・基礎知識
│=========================
","│=========================
│ [h1] Mimi韓の旅遊生活
│               [h3] Main Menu
│ [h1] 【大阪自由行2024】一篇搞定大阪3~8天行程規劃/景點美食/預算花費/交通購物攻略
│         [h2] 大阪自由行3~8天行程規劃
│                     [h4] 大阪自由行Day1：機場交通、心齋橋道頓堀
│                     [h4] 大阪自由行Day2：大阪城、黑門市場、藍天大廈夜景
│                     [h4] 大阪自由行Day3：日本環球影城
│                     [h4] 大阪自由行Day4：大阪周遊卡一日遊
│                     [h4] 大阪自由行路線四：天王寺阿倍野很熱鬧
│                     [h4] 大阪自由行路線七：住大阪，京都一日遊
│                     [h4] 大阪自由行路線六：住大阪，奈良一日遊
│         [h2] 大阪自由行預算怎麼抓
│         [h2] 大阪關西機場交通攻略＆票券推薦
│               [h3] 五種大阪自由行交通票券重點整理
│         [h2] 大阪自由行便宜機票這樣找
│         [h2] 大阪自由行住宿規劃很簡單
│         [h2] 大阪自由行景點＆省錢票券指南
│               [h3] 大阪自由行熱門票券先買更便宜
│         [h2] 大阪美食好評人氣名店筆記
│         [h2] 大阪必買伴手禮/藥妝/電器商品
│         [h2] 大阪上網：WiFi分享器＆Sim卡
│         [h2] 大阪氣候四季穿搭小建議
│         [h2] 大阪自由行其他注意事項
│         [h2] 相關文章
│                     [h4] 【大阪】天王寺動物園：大阪周遊卡免費親子景點，必看北極熊餵食秀＆順遊景點推薦
│                     [h4] 【大阪必買】10個大阪購物逛街景點特色推薦！讓妳裝滿行李箱回家，愛買人快收藏
│                     [h4] 【關西周遊卡2024】KANSAI THRU PASS 使用重點，2日/3日券優惠票價全攻略
│                     [h4] 【大阪親子景點】大阪樂高樂園：大阪周遊卡免費玩室內雨天備案，門票優惠＆交通重點
│                     [h4] 激推【2024大阪住宿】精選30家大阪飯店、解析住宿地點＆方便實惠訂房清單
│                     [h4] 【大阪新飯店2024】精選20間大阪新開幕飯店筆記＆人氣評價清單
│                     [h4] 【COSMOS科摩思優惠券】價格實惠超好買，最高享83折折價券Coupon
│                     [h4] 【愛電王折價券】EDION愛電王激省17%優惠券下載＆大阪難波總店必逛重點
│                     [h4] 【關西JR Pass】JR關西廣域鐵路周遊券使用範圍，2024便宜購票推薦＆重點整理
│               [h3] 上 / 下一篇文章
│                     [h4] 上一篇文章【威尼斯住宿】Sina Centurion Palace(評價8.9)：地點安靜迷人，一站到聖馬可廣場
│                     [h4] 下一篇文章最新精選【2024高雄住宿推薦】18家高雄近捷運熱門飯店不踩雷
│                     [h4] 臉書留言
│               [h3] About
│               [h3] Mimi韓讀者專屬折扣
│               [h3] 分類
│               [h3] 💖好站連結💖
│ [h1] Mimi韓の旅遊生活
│=========================
"
內容簡介一,日本關西地區自由行必看「樂吃購！日本」，一手掌握日本人與在地人才知道的吃喝玩樂全攻略！大阪、京都、神戶、奈良、和歌山、滋賀等熱門地點的推薦行程、必訪景點、美食、住宿、購物、交通攻略，還有超值獨家優惠券！,大阪除了必去的日本環球影城還能去哪？編輯幫大家整理了20個大阪景點！其實大阪這個城市，有非常多好拍又好逛的景點，例如阿倍野展望台、大阪城公園、通天閣等等，編輯幫大家整理了懶人包，現在就打開備忘錄把裡面景點通通存起來，到大阪不用再煩惱要去哪裡！,無,大阪景點推薦2024完成啦！大阪自由行景點有哪些？大阪一日遊行程怎麼規劃？看這篇大阪必去景點攻略就對了。日本環球影城、大阪城、心齋橋、海遊館、黑門市場…大阪好玩的太多了，來幾次大阪自由行都完不膩啊～,無,日本關西地區自由行必看「樂吃購！日本」，一手掌握日本人與在地人才知道的吃喝玩樂全攻略！大阪、京都、神戶、奈良、和歌山、滋賀等熱門地點的推薦行程、必訪景點、美食、住宿、購物、交通攻略，還有超值獨家優惠券！,無,大阪景點有哪些？本篇文章介紹大阪特色景點推薦，除了日本環球影城還能去哪玩？精選大阪旅遊景點，從市區到近郊，超多景點玩不完，加碼再送大阪親子景點。還想知道更多大阪必去景點嗎？這篇文章一次告訴你。,無,無,到大阪﻿自由行旅遊不能只去環球影城！身為日本第二大都市的「大阪」，匯集眾多美食佳餚、購物中心、文化古蹟，還有超多私房景點每個都超好拍，可是許多人出國的首選之一。以下盤點11個「大阪人氣景點」，自由行攻略就看這篇，下次旅遊一定派上用場！,規劃你的 大阪 自由行？Trip.com 為你提供詳盡的旅遊攻略！發掘 大阪 熱門景點、必吃美食、特色住宿，更有行程規劃建議，讓你的 大阪 之旅更精彩！,2024【大阪景點】必玩推薦，這篇文章將整理大阪的交通方式、大阪美食、大阪市區交通、大阪推薦行程給大家，,大阪在2025年即將迎來「世界萬國博覽會」，因此這幾年除了積極整修市容外，還有許多新景點陸續開幕。這篇文章將介紹2023年到2024年間已經開業或計劃開業的新景點，包括購物、住宿、體驗和遊樂園等；同時也回顧了2020年到2022年間開幕的新打卡聖地與必去旅遊熱點。最後還有額外的彩蛋，一定要讀到最後哦！,大阪一直以來都是台灣人造訪日本首選聖地，伴隨自由行的開放，你準備好重遊一番了嗎？近年有不少新景點值得朝聖，還有經典名勝需要再次回味，你最想去哪一個呢？,,無,大阪景點全攻略~大阪自由行必遊景點推薦~充滿吸引力的大阪自由行，除了探訪擁有歷史文化的大阪城、瘋玩哈利波特的環球影城，大阪還有許多精彩的必遊景點，小布旅行大阪多年，一次彙整大阪人氣觀光景點以及大阪景點地鐵圖，用最簡單明瞭的大阪景點地圖，讓你暢遊大阪全攻略!,大阪是日本關西熱門旅遊城市，有著數不盡的景點和吃不完的美食。文內整理了15個推薦必訪的大阪旅遊景點，包含景點地圖、交通方式、5天4夜行程規劃和花費概算，還有旅遊季節氣候及服裝推薦、必吃美食與必買伴手禮等等，更有超划算的優惠交通票券，讓你玩出一趟與旅遊書或跟團不一樣的大阪自由行之旅！,無
內容簡介二,無,無,無,無,無,無,無,無,無,無,無,無,無,無,無,無,無,無,無,無
